/*
Deployment script for 102690319

This code was generated by a tool.
Changes to this file may cause incorrect behavior and will be lost if
the code is regenerated.
*/

GO
SET ANSI_NULLS, ANSI_PADDING, ANSI_WARNINGS, ARITHABORT, CONCAT_NULL_YIELDS_NULL, QUOTED_IDENTIFIER ON;

SET NUMERIC_ROUNDABORT OFF;


GO
:setvar DatabaseName "102690319"
:setvar DefaultFilePrefix "102690319"
:setvar DefaultDataPath ""
:setvar DefaultLogPath ""

GO
:on error exit
GO
/*
Detect SQLCMD mode and disable script execution if SQLCMD mode is not supported.
To re-enable the script after enabling SQLCMD mode, execute the following:
SET NOEXEC OFF; 
*/
:setvar __IsSqlCmdEnabled "True"
GO
IF N'$(__IsSqlCmdEnabled)' NOT LIKE N'True'
    BEGIN
        PRINT N'SQLCMD mode must be enabled to successfully execute this script.';
        SET NOEXEC ON;
    END


GO
IF EXISTS (SELECT 1
           FROM   [sys].[databases]
           WHERE  [name] = N'$(DatabaseName)')
    BEGIN
        ALTER DATABASE [$(DatabaseName)]
            SET ANSI_NULLS ON,
                ANSI_PADDING ON,
                ANSI_WARNINGS ON,
                ARITHABORT ON,
                CONCAT_NULL_YIELDS_NULL ON,
                QUOTED_IDENTIFIER ON,
                ANSI_NULL_DEFAULT ON 
            WITH ROLLBACK IMMEDIATE;
    END


GO
IF EXISTS (SELECT 1
           FROM   [sys].[databases]
           WHERE  [name] = N'$(DatabaseName)')
    BEGIN
        ALTER DATABASE [$(DatabaseName)]
            SET ALLOW_SNAPSHOT_ISOLATION OFF;
    END


GO
IF EXISTS (SELECT 1
           FROM   [sys].[databases]
           WHERE  [name] = N'$(DatabaseName)')
    BEGIN
        ALTER DATABASE [$(DatabaseName)]
            SET QUERY_STORE (CLEANUP_POLICY = (STALE_QUERY_THRESHOLD_DAYS = 30), MAX_STORAGE_SIZE_MB = 100) 
            WITH ROLLBACK IMMEDIATE;
    END


GO
PRINT N'Creating [dbo].[Owner]...';


GO
CREATE TABLE [dbo].[Owner] (
    [OwnerId]   INT           NOT NULL,
    [FirstName] NVARCHAR (20) NULL,
    [Surname]   NVARCHAR (20) NULL,
    [Phone]     NVARCHAR (10) NULL,
    PRIMARY KEY CLUSTERED ([OwnerId] ASC)
);


GO
PRINT N'Creating [dbo].[Pet]...';


GO
CREATE TABLE [dbo].[Pet] (
    [OwnerId] INT           NOT NULL,
    [PetName] NVARCHAR (10) NOT NULL,
    [Type]    NVARCHAR (10) NULL,
    PRIMARY KEY CLUSTERED ([OwnerId] ASC, [PetName] ASC)
);


GO
PRINT N'Creating [dbo].[Procedure]...';


GO
CREATE TABLE [dbo].[Procedure] (
    [ProcId] INT           NOT NULL,
    [Desc]   NVARCHAR (30) NULL,
    PRIMARY KEY CLUSTERED ([ProcId] ASC)
);


GO
PRINT N'Creating [dbo].[Treatment]...';


GO
CREATE TABLE [dbo].[Treatment] (
    [ProcId]  INT           NOT NULL,
    [OwnerId] INT           NOT NULL,
    [PetName] NVARCHAR (10) NOT NULL,
    [Date]    DATE          NOT NULL,
    [Price]   MONEY         NULL,
    [Notes]   NVARCHAR (50) NULL,
    PRIMARY KEY CLUSTERED ([ProcId] ASC, [OwnerId] ASC, [PetName] ASC, [Date] ASC)
);


GO
PRINT N'Creating unnamed constraint on [dbo].[Pet]...';


GO
ALTER TABLE [dbo].[Pet] WITH NOCHECK
    ADD FOREIGN KEY ([OwnerId]) REFERENCES [dbo].[Owner] ([OwnerId]);


GO
PRINT N'Creating unnamed constraint on [dbo].[Treatment]...';


GO
ALTER TABLE [dbo].[Treatment] WITH NOCHECK
    ADD FOREIGN KEY ([ProcId]) REFERENCES [dbo].[Procedure] ([ProcId]);


GO
PRINT N'Creating unnamed constraint on [dbo].[Treatment]...';


GO
ALTER TABLE [dbo].[Treatment] WITH NOCHECK
    ADD FOREIGN KEY ([OwnerId], [PetName]) REFERENCES [dbo].[Pet] ([OwnerId], [PetName]);


GO
/*
Post-Deployment Script Template							
--------------------------------------------------------------------------------------
 This file contains SQL statements that will be appended to the build script.		
 Use SQLCMD syntax to include a file in the post-deployment script.			
 Example:      :r .\myfile.sql								
 Use SQLCMD syntax to reference a variable in the post-deployment script.		
 Example:      :setvar TableName MyTable							
               SELECT * FROM [$(TableName)]					
--------------------------------------------------------------------------------------
*/

DELETE FROM [dbo].[Treatment];
DELETE FROM	[dbo.[Pet];
DELETE FROM	[dbo.[Owner];
DELETE FROM	[dbo.[Procedure];

INSERT INTO [dbo].[Procedure] ([ProcId], [Desc])
VALUES	(1, 'Rabies Vaccination'),
		(5, 'Heart Worm Test'),
		(8, 'Tetnus Vaccination'),
		(10, 'Examine and Treat Wound');

INSERT INTO [dbo].[Owner] ([OwnerId], [FirstName], [Surname], [Phone])
VALUES	(1, 'Frank', 'Sinatra', '0400111222'),
		(2, 'Duke', 'Ellington', '0400222333'),
		(3, 'Ella', 'Fitzgerald', '0400333444');

INSERT INTO [dbo].[Pet] ([OwnerId], [PetName], [Type])
VALUES	(1, 'Buster', 'Dog'),
		(1, 'Fluffy', 'Cat'),
		(2, 'Stew', 'Rabbit'),
		(3, 'Pooper', 'Dog'),
		(3, 'Buster', 'Dog');

INSERT INTO [dbo].[Treatment] ([ProcId], [OwnerId], [PetName], [Date], [Price], [Notes])
VALUES	(1, 1, 'Buster', '2017-06-20', 24, 'Routine Vaccination'),
		(1, 1, 'Buster', '2018-05-015', 24, 'Booster Shot'),
		(10, 1, 'Fluffy', '2018-05-10', 30, 'Wounds sustained in apparent cat fight'),
		(1, 1, 'Fluffy', '2017-06-20', 24, 'Routine Vaccination'),
		(10, 2, 'Stew', '2018-05-10', 30, 'Wounds sustained during attempt to cook the stew'),
		(1, 2, 'Stew', '2018-05-15', 24, 'Routine Vaccination'),
		(5, 3, 'Pooper', '2018-05-18', 25, 'Routine Test'),
		(8, 3, 'Buster', '2017-06-20', 17, 'Stepped on a Rusty Nail'),
		(1, 3, 'Buster', '2017-06-20', 24, 'Routine Vaccination');
GO

GO
